<annotation>
	<folder>cars</folder>
	<filename>110.jpg</filename>
	<path>/home/aziz/Desktop/cars/110.jpg</path>
	<source>
		<database>Unknown</database>
	</source>
	<size>
		<width>800</width>
		<height>600</height>
		<depth>3</depth>
	</size>
	<segmented>0</segmented>
	<object>
		<name>plate</name>
		<pose>Unspecified</pose>
		<truncated>0</truncated>
		<difficult>0</difficult>
		<bndbox>
			<xmin>390</xmin>
			<ymin>419</ymin>
			<xmax>516</xmax>
			<ymax>451</ymax>
		</bndbox>
	</object>
</annotation>
