<annotation>
	<folder>cars</folder>
	<filename>117.jpg</filename>
	<path>/home/aziz/Desktop/cars/117.jpg</path>
	<source>
		<database>Unknown</database>
	</source>
	<size>
		<width>640</width>
		<height>640</height>
		<depth>3</depth>
	</size>
	<segmented>0</segmented>
	<object>
		<name>plate</name>
		<pose>Unspecified</pose>
		<truncated>0</truncated>
		<difficult>0</difficult>
		<bndbox>
			<xmin>115</xmin>
			<ymin>429</ymin>
			<xmax>304</xmax>
			<ymax>547</ymax>
		</bndbox>
	</object>
</annotation>
