<annotation>
	<folder>cars</folder>
	<filename>14.jpg</filename>
	<path>/home/aziz/Desktop/cars/14.jpg</path>
	<source>
		<database>Unknown</database>
	</source>
	<size>
		<width>1000</width>
		<height>461</height>
		<depth>3</depth>
	</size>
	<segmented>0</segmented>
	<object>
		<name>plate</name>
		<pose>Unspecified</pose>
		<truncated>0</truncated>
		<difficult>0</difficult>
		<bndbox>
			<xmin>482</xmin>
			<ymin>211</ymin>
			<xmax>640</xmax>
			<ymax>305</ymax>
		</bndbox>
	</object>
</annotation>
