<annotation>
	<folder>cars</folder>
	<filename>143.jpg</filename>
	<path>/home/aziz/Desktop/cars/143.jpg</path>
	<source>
		<database>Unknown</database>
	</source>
	<size>
		<width>933</width>
		<height>700</height>
		<depth>3</depth>
	</size>
	<segmented>0</segmented>
	<object>
		<name>plate</name>
		<pose>Unspecified</pose>
		<truncated>0</truncated>
		<difficult>0</difficult>
		<bndbox>
			<xmin>619</xmin>
			<ymin>403</ymin>
			<xmax>768</xmax>
			<ymax>487</ymax>
		</bndbox>
	</object>
</annotation>
