<annotation>
	<folder>cars</folder>
	<filename>157.jpg</filename>
	<path>/home/aziz/Desktop/cars/157.jpg</path>
	<source>
		<database>Unknown</database>
	</source>
	<size>
		<width>408</width>
		<height>509</height>
		<depth>3</depth>
	</size>
	<segmented>0</segmented>
	<object>
		<name>plate</name>
		<pose>Unspecified</pose>
		<truncated>0</truncated>
		<difficult>0</difficult>
		<bndbox>
			<xmin>130</xmin>
			<ymin>340</ymin>
			<xmax>267</xmax>
			<ymax>372</ymax>
		</bndbox>
	</object>
</annotation>
