<annotation>
	<folder>cars</folder>
	<filename>16.jpg</filename>
	<path>/home/aziz/Desktop/cars/16.jpg</path>
	<source>
		<database>Unknown</database>
	</source>
	<size>
		<width>723</width>
		<height>700</height>
		<depth>3</depth>
	</size>
	<segmented>0</segmented>
	<object>
		<name>plate</name>
		<pose>Unspecified</pose>
		<truncated>0</truncated>
		<difficult>0</difficult>
		<bndbox>
			<xmin>262</xmin>
			<ymin>326</ymin>
			<xmax>383</xmax>
			<ymax>370</ymax>
		</bndbox>
	</object>
</annotation>
