<annotation>
	<folder>cars</folder>
	<filename>213.jpg</filename>
	<path>/home/aziz/Desktop/cars/213.jpg</path>
	<source>
		<database>Unknown</database>
	</source>
	<size>
		<width>1000</width>
		<height>562</height>
		<depth>3</depth>
	</size>
	<segmented>0</segmented>
	<object>
		<name>plate</name>
		<pose>Unspecified</pose>
		<truncated>0</truncated>
		<difficult>0</difficult>
		<bndbox>
			<xmin>758</xmin>
			<ymin>357</ymin>
			<xmax>875</xmax>
			<ymax>437</ymax>
		</bndbox>
	</object>
</annotation>
