<annotation>
	<folder>cars</folder>
	<filename>223.jpg</filename>
	<path>/home/aziz/Desktop/cars/223.jpg</path>
	<source>
		<database>Unknown</database>
	</source>
	<size>
		<width>1000</width>
		<height>450</height>
		<depth>3</depth>
	</size>
	<segmented>0</segmented>
	<object>
		<name>plate</name>
		<pose>Unspecified</pose>
		<truncated>0</truncated>
		<difficult>0</difficult>
		<bndbox>
			<xmin>396</xmin>
			<ymin>275</ymin>
			<xmax>564</xmax>
			<ymax>319</ymax>
		</bndbox>
	</object>
</annotation>
