<annotation>
	<folder>cars</folder>
	<filename>226.jpg</filename>
	<path>/home/aziz/Desktop/cars/226.jpg</path>
	<source>
		<database>Unknown</database>
	</source>
	<size>
		<width>933</width>
		<height>700</height>
		<depth>3</depth>
	</size>
	<segmented>0</segmented>
	<object>
		<name>plate</name>
		<pose>Unspecified</pose>
		<truncated>0</truncated>
		<difficult>0</difficult>
		<bndbox>
			<xmin>70</xmin>
			<ymin>416</ymin>
			<xmax>172</xmax>
			<ymax>518</ymax>
		</bndbox>
	</object>
</annotation>
