<annotation>
	<folder>cars</folder>
	<filename>229.jpg</filename>
	<path>/home/aziz/Desktop/cars/229.jpg</path>
	<source>
		<database>Unknown</database>
	</source>
	<size>
		<width>1000</width>
		<height>450</height>
		<depth>3</depth>
	</size>
	<segmented>0</segmented>
	<object>
		<name>plate</name>
		<pose>Unspecified</pose>
		<truncated>0</truncated>
		<difficult>0</difficult>
		<bndbox>
			<xmin>450</xmin>
			<ymin>235</ymin>
			<xmax>608</xmax>
			<ymax>278</ymax>
		</bndbox>
	</object>
</annotation>
