<annotation>
	<folder>cars</folder>
	<filename>23.jpg</filename>
	<path>/home/aziz/Desktop/cars/23.jpg</path>
	<source>
		<database>Unknown</database>
	</source>
	<size>
		<width>1000</width>
		<height>563</height>
		<depth>3</depth>
	</size>
	<segmented>0</segmented>
	<object>
		<name>plate</name>
		<pose>Unspecified</pose>
		<truncated>0</truncated>
		<difficult>0</difficult>
		<bndbox>
			<xmin>41</xmin>
			<ymin>330</ymin>
			<xmax>156</xmax>
			<ymax>404</ymax>
		</bndbox>
	</object>
</annotation>
