<annotation>
	<folder>cars</folder>
	<filename>287.jpg</filename>
	<path>/home/aziz/Desktop/cars/287.jpg</path>
	<source>
		<database>Unknown</database>
	</source>
	<size>
		<width>1000</width>
		<height>563</height>
		<depth>3</depth>
	</size>
	<segmented>0</segmented>
	<object>
		<name>plate</name>
		<pose>Unspecified</pose>
		<truncated>0</truncated>
		<difficult>0</difficult>
		<bndbox>
			<xmin>415</xmin>
			<ymin>372</ymin>
			<xmax>564</xmax>
			<ymax>415</ymax>
		</bndbox>
	</object>
</annotation>
