<annotation>
	<folder>cars</folder>
	<filename>290.jpg</filename>
	<path>/home/aziz/Desktop/cars/290.jpg</path>
	<source>
		<database>Unknown</database>
	</source>
	<size>
		<width>1000</width>
		<height>500</height>
		<depth>3</depth>
	</size>
	<segmented>0</segmented>
	<object>
		<name>plate</name>
		<pose>Unspecified</pose>
		<truncated>0</truncated>
		<difficult>0</difficult>
		<bndbox>
			<xmin>95</xmin>
			<ymin>338</ymin>
			<xmax>253</xmax>
			<ymax>418</ymax>
		</bndbox>
	</object>
</annotation>
