<annotation>
	<folder>cars</folder>
	<filename>40.jpg</filename>
	<path>/home/aziz/Desktop/cars/40.jpg</path>
	<source>
		<database>Unknown</database>
	</source>
	<size>
		<width>1000</width>
		<height>562</height>
		<depth>3</depth>
	</size>
	<segmented>0</segmented>
	<object>
		<name>plate</name>
		<pose>Unspecified</pose>
		<truncated>0</truncated>
		<difficult>0</difficult>
		<bndbox>
			<xmin>430</xmin>
			<ymin>520</ymin>
			<xmax>621</xmax>
			<ymax>559</ymax>
		</bndbox>
	</object>
</annotation>
