<annotation>
	<folder>cars</folder>
	<filename>74.jpg</filename>
	<path>/home/aziz/Desktop/cars/74.jpg</path>
	<source>
		<database>Unknown</database>
	</source>
	<size>
		<width>1000</width>
		<height>619</height>
		<depth>3</depth>
	</size>
	<segmented>0</segmented>
	<object>
		<name>plate</name>
		<pose>Unspecified</pose>
		<truncated>0</truncated>
		<difficult>0</difficult>
		<bndbox>
			<xmin>495</xmin>
			<ymin>452</ymin>
			<xmax>658</xmax>
			<ymax>493</ymax>
		</bndbox>
	</object>
</annotation>
