<annotation>
	<folder>cars</folder>
	<filename>82.jpg</filename>
	<path>/home/aziz/Desktop/cars/82.jpg</path>
	<source>
		<database>Unknown</database>
	</source>
	<size>
		<width>1000</width>
		<height>562</height>
		<depth>3</depth>
	</size>
	<segmented>0</segmented>
	<object>
		<name>plate</name>
		<pose>Unspecified</pose>
		<truncated>0</truncated>
		<difficult>0</difficult>
		<bndbox>
			<xmin>181</xmin>
			<ymin>377</ymin>
			<xmax>302</xmax>
			<ymax>463</ymax>
		</bndbox>
	</object>
</annotation>
