<annotation>
	<folder>cars</folder>
	<filename>9.jpg</filename>
	<path>/home/aziz/Desktop/cars/9.jpg</path>
	<source>
		<database>Unknown</database>
	</source>
	<size>
		<width>1000</width>
		<height>500</height>
		<depth>3</depth>
	</size>
	<segmented>0</segmented>
	<object>
		<name>plate</name>
		<pose>Unspecified</pose>
		<truncated>0</truncated>
		<difficult>0</difficult>
		<bndbox>
			<xmin>558</xmin>
			<ymin>361</ymin>
			<xmax>687</xmax>
			<ymax>446</ymax>
		</bndbox>
	</object>
</annotation>
