<annotation>
	<folder>cars</folder>
	<filename>112.jpg</filename>
	<path>/home/aziz/Desktop/cars/112.jpg</path>
	<source>
		<database>Unknown</database>
	</source>
	<size>
		<width>1000</width>
		<height>461</height>
		<depth>3</depth>
	</size>
	<segmented>0</segmented>
	<object>
		<name>plate</name>
		<pose>Unspecified</pose>
		<truncated>0</truncated>
		<difficult>0</difficult>
		<bndbox>
			<xmin>79</xmin>
			<ymin>220</ymin>
			<xmax>219</xmax>
			<ymax>352</ymax>
		</bndbox>
	</object>
</annotation>
