<annotation>
	<folder>cars</folder>
	<filename>124.jpg</filename>
	<path>/home/aziz/Desktop/cars/124.jpg</path>
	<source>
		<database>Unknown</database>
	</source>
	<size>
		<width>800</width>
		<height>600</height>
		<depth>3</depth>
	</size>
	<segmented>0</segmented>
	<object>
		<name>plate</name>
		<pose>Unspecified</pose>
		<truncated>0</truncated>
		<difficult>0</difficult>
		<bndbox>
			<xmin>373</xmin>
			<ymin>356</ymin>
			<xmax>539</xmax>
			<ymax>396</ymax>
		</bndbox>
	</object>
</annotation>
