<annotation>
	<folder>cars</folder>
	<filename>145.jpg</filename>
	<path>/home/aziz/Desktop/cars/145.jpg</path>
	<source>
		<database>Unknown</database>
	</source>
	<size>
		<width>690</width>
		<height>700</height>
		<depth>3</depth>
	</size>
	<segmented>0</segmented>
	<object>
		<name>plate</name>
		<pose>Unspecified</pose>
		<truncated>0</truncated>
		<difficult>0</difficult>
		<bndbox>
			<xmin>479</xmin>
			<ymin>501</ymin>
			<xmax>650</xmax>
			<ymax>601</ymax>
		</bndbox>
	</object>
</annotation>
