<annotation>
	<folder>cars</folder>
	<filename>168.jpg</filename>
	<path>/home/aziz/Desktop/cars/168.jpg</path>
	<source>
		<database>Unknown</database>
	</source>
	<size>
		<width>1000</width>
		<height>695</height>
		<depth>3</depth>
	</size>
	<segmented>0</segmented>
	<object>
		<name>plate</name>
		<pose>Unspecified</pose>
		<truncated>0</truncated>
		<difficult>0</difficult>
		<bndbox>
			<xmin>591</xmin>
			<ymin>494</ymin>
			<xmax>858</xmax>
			<ymax>581</ymax>
		</bndbox>
	</object>
</annotation>
