<annotation>
	<folder>cars</folder>
	<filename>171.jpg</filename>
	<path>/home/aziz/Desktop/cars/171.jpg</path>
	<source>
		<database>Unknown</database>
	</source>
	<size>
		<width>345</width>
		<height>461</height>
		<depth>3</depth>
	</size>
	<segmented>0</segmented>
	<object>
		<name>plate</name>
		<pose>Unspecified</pose>
		<truncated>0</truncated>
		<difficult>0</difficult>
		<bndbox>
			<xmin>188</xmin>
			<ymin>237</ymin>
			<xmax>261</xmax>
			<ymax>258</ymax>
		</bndbox>
	</object>
</annotation>
