<annotation>
	<folder>cars</folder>
	<filename>206.jpg</filename>
	<path>/home/aziz/Desktop/cars/206.jpg</path>
	<source>
		<database>Unknown</database>
	</source>
	<size>
		<width>1000</width>
		<height>562</height>
		<depth>3</depth>
	</size>
	<segmented>0</segmented>
	<object>
		<name>plate</name>
		<pose>Unspecified</pose>
		<truncated>0</truncated>
		<difficult>0</difficult>
		<bndbox>
			<xmin>448</xmin>
			<ymin>150</ymin>
			<xmax>492</xmax>
			<ymax>329</ymax>
		</bndbox>
	</object>
</annotation>
