<annotation>
	<folder>cars</folder>
	<filename>233.jpg</filename>
	<path>/home/aziz/Desktop/cars/233.jpg</path>
	<source>
		<database>Unknown</database>
	</source>
	<size>
		<width>640</width>
		<height>640</height>
		<depth>1</depth>
	</size>
	<segmented>0</segmented>
	<object>
		<name>plate</name>
		<pose>Unspecified</pose>
		<truncated>0</truncated>
		<difficult>0</difficult>
		<bndbox>
			<xmin>92</xmin>
			<ymin>378</ymin>
			<xmax>279</xmax>
			<ymax>429</ymax>
		</bndbox>
	</object>
</annotation>
