<annotation>
	<folder>cars</folder>
	<filename>253.jpg</filename>
	<path>/home/aziz/Desktop/cars/253.jpg</path>
	<source>
		<database>Unknown</database>
	</source>
	<size>
		<width>644</width>
		<height>312</height>
		<depth>3</depth>
	</size>
	<segmented>0</segmented>
	<object>
		<name>plate</name>
		<pose>Unspecified</pose>
		<truncated>0</truncated>
		<difficult>0</difficult>
		<bndbox>
			<xmin>419</xmin>
			<ymin>200</ymin>
			<xmax>500</xmax>
			<ymax>255</ymax>
		</bndbox>
	</object>
</annotation>
