<annotation>
	<folder>cars</folder>
	<filename>297.jpg</filename>
	<path>/home/aziz/Desktop/cars/297.jpg</path>
	<source>
		<database>Unknown</database>
	</source>
	<size>
		<width>525</width>
		<height>700</height>
		<depth>3</depth>
	</size>
	<segmented>0</segmented>
	<object>
		<name>plate</name>
		<pose>Unspecified</pose>
		<truncated>0</truncated>
		<difficult>0</difficult>
		<bndbox>
			<xmin>192</xmin>
			<ymin>496</ymin>
			<xmax>368</xmax>
			<ymax>541</ymax>
		</bndbox>
	</object>
</annotation>
