<annotation>
	<folder>cars</folder>
	<filename>64.jpg</filename>
	<path>/home/aziz/Desktop/cars/64.jpg</path>
	<source>
		<database>Unknown</database>
	</source>
	<size>
		<width>1000</width>
		<height>486</height>
		<depth>3</depth>
	</size>
	<segmented>0</segmented>
	<object>
		<name>plate</name>
		<pose>Unspecified</pose>
		<truncated>0</truncated>
		<difficult>0</difficult>
		<bndbox>
			<xmin>414</xmin>
			<ymin>364</ymin>
			<xmax>594</xmax>
			<ymax>404</ymax>
		</bndbox>
	</object>
</annotation>
