<annotation>
	<folder>cars</folder>
	<filename>92.jpg</filename>
	<path>/home/aziz/Desktop/cars/92.jpg</path>
	<source>
		<database>Unknown</database>
	</source>
	<size>
		<width>1000</width>
		<height>562</height>
		<depth>3</depth>
	</size>
	<segmented>0</segmented>
	<object>
		<name>plate</name>
		<pose>Unspecified</pose>
		<truncated>0</truncated>
		<difficult>0</difficult>
		<bndbox>
			<xmin>235</xmin>
			<ymin>355</ymin>
			<xmax>354</xmax>
			<ymax>411</ymax>
		</bndbox>
	</object>
</annotation>
